ZIPファイル名,出力年月日・時刻,地番区域,地番,地番区域（筆界未定地構成地番）,地番（筆界未定地構成地番）
40402-2903-1.zip,202202071539,鞍手郡鞍手町大字中山,3550-1,,
40402-2903-1.zip,202202071539,鞍手郡鞍手町大字中山,3550-2,,
40402-2903-1.zip,202202071539,鞍手郡鞍手町大字中山,3559-1,,
40402-2903-1.zip,202202071539,鞍手郡鞍手町大字中山,3560,,
40402-2903-1.zip,202202071539,鞍手郡鞍手町大字中山,3561,,
40402-2903-1.zip,202202071539,鞍手郡鞍手町大字中山,3562,,
40402-2903-1.zip,202202071539,鞍手郡鞍手町大字中山,3701-2,,
40402-2903-1.zip,202202071539,鞍手郡鞍手町大字中山,3701-6,,
40402-2903-1.zip,202202071539,鞍手郡鞍手町大字中山,3701-7,,
40402-2903-1.zip,202202071539,鞍手郡鞍手町大字中山,3703,,
40402-2903-1.zip,202202071539,鞍手郡鞍手町大字中山,3718-3,,
40402-2903-1.zip,202202071539,鞍手郡鞍手町大字中山,3729-1,,
40402-2903-1.zip,202202071539,鞍手郡鞍手町大字中山,3729-2,,
40402-2903-1.zip,202202071539,鞍手郡鞍手町大字中山,3729-3,,
40402-2903-1.zip,202202071539,鞍手郡鞍手町大字中山,3730,,
40402-2903-1.zip,202202071539,鞍手郡鞍手町大字中山,3735,,
40402-2903-1.zip,202202071539,鞍手郡鞍手町大字中山,3736-1,,
40402-2903-1.zip,202202071539,鞍手郡鞍手町大字中山,3736-2,,
40402-2903-1.zip,202202071539,鞍手郡鞍手町大字中山,3737-1,,
40402-2903-1.zip,202202071539,鞍手郡鞍手町大字中山,3737-2,,
40402-2903-1.zip,202202071539,鞍手郡鞍手町大字中山,3737-3,,
40402-2903-1.zip,202202071539,鞍手郡鞍手町大字中山,3737-4,,
40402-2903-1.zip,202202071539,鞍手郡鞍手町大字中山,3737-5,,
40402-2903-1.zip,202202071539,鞍手郡鞍手町大字中山,3737-6,,
40402-2903-1.zip,202202071539,鞍手郡鞍手町大字中山,3738,,
40402-2903-1.zip,202202071539,鞍手郡鞍手町大字中山,3739-2,,
40402-2903-1.zip,202202071539,鞍手郡鞍手町大字中山,3740-1,,
40402-2903-1.zip,202202071539,鞍手郡鞍手町大字中山,3740-2,,
40402-2903-1.zip,202202071539,鞍手郡鞍手町大字中山,3746-2,,
40402-2903-1.zip,202202071539,鞍手郡鞍手町大字中山,3747-1,,
40402-2903-1.zip,202202071539,鞍手郡鞍手町大字中山,3747-9,,
40402-2903-1.zip,202202071539,鞍手郡鞍手町大字中山,3747-10,,
40402-2903-1.zip,202202071539,鞍手郡鞍手町大字中山,3748,,
40402-2903-1.zip,202202071539,鞍手郡鞍手町大字中山,3750-4,,
40402-2903-1.zip,202202071539,鞍手郡鞍手町大字中山,3750-7,,
40402-2903-1.zip,202202071539,鞍手郡鞍手町大字中山,3750-8,,
40402-2903-1.zip,202202071539,鞍手郡鞍手町大字中山,3750-9,,
40402-2903-1.zip,202202071539,鞍手郡鞍手町大字中山,3750-13,,
40402-2903-1.zip,202202071539,鞍手郡鞍手町大字中山,3753-1,,
40402-2903-1.zip,202202071539,鞍手郡鞍手町,地区外-2853738,,
40402-2903-1.zip,202202071539,鞍手郡鞍手町,地区外-2853739,,
40402-2903-1.zip,202202071539,鞍手郡鞍手町,地区外-2853740,,
40402-2903-1.zip,202202071539,鞍手郡鞍手町,地区外-2853741,,
40402-2903-1.zip,202202071539,鞍手郡鞍手町,地区外-2853743,,
40402-2903-1.zip,202202071539,鞍手郡鞍手町,地区外-2853745,,
40402-2903-1.zip,202202071539,鞍手郡鞍手町,地区外-2853746,,
40402-2903-1.zip,202202071539,鞍手郡鞍手町大字中山,3701-5,,
40402-2903-1.zip,202202071539,鞍手郡鞍手町大字中山,3701-8,,
40402-2903-1.zip,202202071539,鞍手郡鞍手町大字中山,3564,,
40402-2903-1.zip,202202071539,鞍手郡鞍手町,地区外-2853742,,
40402-2903-1.zip,202202071539,鞍手郡鞍手町大字中山,3750-11,,
40402-2903-1.zip,202202071539,鞍手郡鞍手町大字中山,3750-15,,
40402-2903-1.zip,202202071539,鞍手郡鞍手町大字中山,3750-10,,
40402-2903-1.zip,202202071539,鞍手郡鞍手町,地区外-2853744,,
40402-2903-1.zip,202202071539,鞍手郡鞍手町大字中山,3739-3,,
40402-2903-1.zip,202202071539,鞍手郡鞍手町大字中山,3728,,
40402-2903-1.zip,202202071539,鞍手郡鞍手町大字中山,3701-1,,
40402-2903-1.zip,202202071539,鞍手郡鞍手町大字中山,3739-1,,
40402-2903-2.zip,202202071539,鞍手郡鞍手町大字新延,2623-1,,
40402-2903-2.zip,202202071539,鞍手郡鞍手町大字新延,2623-2,,
40402-2903-2.zip,202202071539,鞍手郡鞍手町大字新延,2623-3,,
40402-2903-2.zip,202202071539,鞍手郡鞍手町大字新延,2623-4,,
40402-2903-2.zip,202202071539,鞍手郡鞍手町大字新延,2623-5,,
40402-2903-2.zip,202202071539,鞍手郡鞍手町大字新延,2623-6,,
40402-2903-2.zip,202202071539,鞍手郡鞍手町大字新延,2647-7,,
40402-2903-2.zip,202202071539,鞍手郡鞍手町大字新延,2647-8,,
40402-2903-2.zip,202202071539,鞍手郡鞍手町大字新延,2647-9,,
40402-2903-2.zip,202202071539,鞍手郡鞍手町大字新延,2647-10,,
40402-2903-2.zip,202202071539,鞍手郡鞍手町大字新延,2647-11,,
40402-2903-2.zip,202202071539,鞍手郡鞍手町大字新延,2647-12,,
40402-2903-2.zip,202202071539,鞍手郡鞍手町大字新延,2647-13,,
40402-2903-2.zip,202202071539,鞍手郡鞍手町大字新延,2647-14,,
40402-2903-2.zip,202202071539,鞍手郡鞍手町大字新延,2647-15,,
40402-2903-2.zip,202202071539,鞍手郡鞍手町大字新延,2647-16,,
40402-2903-2.zip,202202071539,鞍手郡鞍手町大字新延,2647-17,,
40402-2903-2.zip,202202071539,鞍手郡鞍手町大字新延,2647-18,,
40402-2903-2.zip,202202071539,鞍手郡鞍手町大字新延,2647-19,,
40402-2903-2.zip,202202071539,鞍手郡鞍手町大字新延,2647-20,,
40402-2903-2.zip,202202071539,鞍手郡鞍手町大字新延,2647-21,,
40402-2903-2.zip,202202071539,鞍手郡鞍手町大字新延,2647-22,,
40402-2903-2.zip,202202071539,鞍手郡鞍手町大字新延,2647-23,,
40402-2903-2.zip,202202071539,鞍手郡鞍手町大字新延,2647-24,,
40402-2903-2.zip,202202071539,鞍手郡鞍手町大字新延,2647-25,,
40402-2903-2.zip,202202071539,鞍手郡鞍手町大字新延,2647-26,,
40402-2903-2.zip,202202071539,鞍手郡鞍手町大字新延,2647-27,,
40402-2903-2.zip,202202071539,鞍手郡鞍手町大字新延,2647-28,,
40402-2903-2.zip,202202071539,鞍手郡鞍手町大字新延,2647-29,,
40402-2903-2.zip,202202071539,鞍手郡鞍手町大字新延,2647-44,,
40402-2903-2.zip,202202071539,鞍手郡鞍手町大字新延,2647-47,,
40402-2903-2.zip,202202071539,鞍手郡鞍手町大字新延,2671-1,,
40402-2903-2.zip,202202071539,鞍手郡鞍手町大字新延,2672,,
40402-2903-2.zip,202202071539,鞍手郡鞍手町大字新延,2673,,
40402-2903-2.zip,202202071539,鞍手郡鞍手町大字新延,2674,,
40402-2903-2.zip,202202071539,鞍手郡鞍手町大字新延,2675,,
40402-2903-2.zip,202202071539,鞍手郡鞍手町大字新延,2676,,
40402-2903-2.zip,202202071539,鞍手郡鞍手町大字新延,2677,,
40402-2903-2.zip,202202071539,鞍手郡鞍手町大字新延,2678,,
40402-2903-2.zip,202202071539,鞍手郡鞍手町大字新延,2679,,
40402-2903-2.zip,202202071539,鞍手郡鞍手町大字新延,2680,,
40402-2903-2.zip,202202071539,鞍手郡鞍手町大字新延,2681,,
40402-2903-2.zip,202202071539,鞍手郡鞍手町大字新延,2682,,
40402-2903-2.zip,202202071539,鞍手郡鞍手町大字新延,2683,,
40402-2903-2.zip,202202071539,鞍手郡鞍手町大字新延,2684,,
40402-2903-2.zip,202202071539,鞍手郡鞍手町大字新延,2685,,
40402-2903-2.zip,202202071539,鞍手郡鞍手町大字新延,2686,,
40402-2903-2.zip,202202071539,鞍手郡鞍手町大字新延,2687,,
40402-2903-2.zip,202202071539,鞍手郡鞍手町大字新延,2688,,
40402-2903-2.zip,202202071539,鞍手郡鞍手町大字新延,2689-1,,
40402-2903-2.zip,202202071539,鞍手郡鞍手町大字新延,2689-2,,
40402-2903-2.zip,202202071539,鞍手郡鞍手町大字新延,2690,,
40402-2903-2.zip,202202071539,鞍手郡鞍手町大字新延,2691,,
40402-2903-2.zip,202202071539,鞍手郡鞍手町大字新延,2692,,
40402-2903-2.zip,202202071539,鞍手郡鞍手町大字新延,2693,,
40402-2903-2.zip,202202071539,鞍手郡鞍手町大字新延,2694,,
40402-2903-2.zip,202202071539,鞍手郡鞍手町大字新延,2695,,
40402-2903-2.zip,202202071539,鞍手郡鞍手町大字新延,2696,,
40402-2903-2.zip,202202071539,鞍手郡鞍手町大字新延,2697,,
40402-2903-2.zip,202202071539,鞍手郡鞍手町大字新延,2698,,
40402-2903-2.zip,202202071539,鞍手郡鞍手町大字新延,2699,,
40402-2903-2.zip,202202071539,鞍手郡鞍手町大字新延,2700,,
40402-2903-2.zip,202202071539,鞍手郡鞍手町大字新延,2701,,
40402-2903-2.zip,202202071539,鞍手郡鞍手町大字新延,2702-1,,
40402-2903-2.zip,202202071539,鞍手郡鞍手町大字新延,2702-2,,
40402-2903-2.zip,202202071539,鞍手郡鞍手町大字新延,2702-3,,
40402-2903-2.zip,202202071539,鞍手郡鞍手町大字新延,2702-4,,
40402-2903-2.zip,202202071539,鞍手郡鞍手町大字新延,2702-5,,
40402-2903-2.zip,202202071539,鞍手郡鞍手町大字新延,2702-6,,
40402-2903-2.zip,202202071539,鞍手郡鞍手町大字新延,2702-7,,
40402-2903-2.zip,202202071539,鞍手郡鞍手町大字新延,2703-1,,
40402-2903-2.zip,202202071539,鞍手郡鞍手町大字新延,2703-2,,
40402-2903-2.zip,202202071539,鞍手郡鞍手町大字新延,2703-3,,
40402-2903-2.zip,202202071539,鞍手郡鞍手町大字新延,2703-4,,
40402-2903-2.zip,202202071539,鞍手郡鞍手町大字新延,2703-5,,
40402-2903-2.zip,202202071539,鞍手郡鞍手町大字新延,2703-6,,
40402-2903-2.zip,202202071539,鞍手郡鞍手町大字新延,2703-7,,
40402-2903-2.zip,202202071539,鞍手郡鞍手町大字新延,2742,,
40402-2903-2.zip,202202071539,鞍手郡鞍手町大字新延,2743,,
40402-2903-2.zip,202202071539,鞍手郡鞍手町大字新延,2779-1,,
40402-2903-2.zip,202202071539,鞍手郡鞍手町大字新延,2779-2,,
40402-2903-2.zip,202202071539,鞍手郡鞍手町大字新延,2779-3,,
40402-2903-2.zip,202202071539,鞍手郡鞍手町大字新延,2779-4,,
40402-2903-2.zip,202202071539,鞍手郡鞍手町大字新延,2779-5,,
40402-2903-2.zip,202202071539,鞍手郡鞍手町,地区外-2854686,,
40402-2903-2.zip,202202071539,鞍手郡鞍手町,地区外-2854687,,
40402-2903-2.zip,202202071539,鞍手郡鞍手町,地区外-2854688,,
40402-2903-2.zip,202202071539,鞍手郡鞍手町,地区外-2854689,,
40402-2903-2.zip,202202071539,鞍手郡鞍手町,地区外-2854690,,
40402-2903-2.zip,202202071539,鞍手郡鞍手町,地区外-2854691,,
40402-2903-2.zip,202202071539,鞍手郡鞍手町,地区外-2854692,,
40402-2903-2.zip,202202071539,鞍手郡鞍手町,地区外-2854693,,
40402-2903-2.zip,202202071539,鞍手郡鞍手町,地区外-2854694,,
40402-2903-2.zip,202202071539,鞍手郡鞍手町,地区外-2854695,,
40402-2903-2.zip,202202071539,鞍手郡鞍手町,地区外-2854696,,
40402-2903-3.zip,202202071539,鞍手郡鞍手町大字木月,1619,,
40402-2903-3.zip,202202071539,鞍手郡鞍手町大字木月,1620,,
40402-2903-3.zip,202202071539,鞍手郡鞍手町大字木月,1621,,
40402-2903-3.zip,202202071539,鞍手郡鞍手町大字木月,1622-1,,
40402-2903-3.zip,202202071539,鞍手郡鞍手町大字木月,1622-2,,
40402-2903-3.zip,202202071539,鞍手郡鞍手町大字木月,1623-1,,
40402-2903-3.zip,202202071539,鞍手郡鞍手町大字木月,1623-2,,
40402-2903-3.zip,202202071539,鞍手郡鞍手町大字木月,1624-1,,
40402-2903-3.zip,202202071539,鞍手郡鞍手町大字木月,1624-2,,
40402-2903-3.zip,202202071539,鞍手郡鞍手町大字木月,1624-3,,
40402-2903-3.zip,202202071539,鞍手郡鞍手町大字木月,1625-1,,
40402-2903-3.zip,202202071539,鞍手郡鞍手町大字木月,1625-2,,
40402-2903-3.zip,202202071539,鞍手郡鞍手町大字木月,1628-1,,
40402-2903-3.zip,202202071539,鞍手郡鞍手町大字木月,1628-2,,
40402-2903-3.zip,202202071539,鞍手郡鞍手町大字木月,1628-3,,
40402-2903-3.zip,202202071539,鞍手郡鞍手町大字木月,1630-1,,
40402-2903-3.zip,202202071539,鞍手郡鞍手町大字木月,1630-2,,
40402-2903-3.zip,202202071539,鞍手郡鞍手町大字木月,1630-3,,
40402-2903-3.zip,202202071539,鞍手郡鞍手町大字木月,1630-4,,
40402-2903-3.zip,202202071539,鞍手郡鞍手町大字木月,1630-5,,
40402-2903-3.zip,202202071539,鞍手郡鞍手町大字木月,1630-6,,
40402-2903-3.zip,202202071539,鞍手郡鞍手町大字木月,1631,,
40402-2903-3.zip,202202071539,鞍手郡鞍手町大字木月,1632,,
40402-2903-3.zip,202202071539,鞍手郡鞍手町大字木月,1633,,
40402-2903-3.zip,202202071539,鞍手郡鞍手町大字木月,1634,,
40402-2903-3.zip,202202071539,鞍手郡鞍手町大字木月,1635,,
40402-2903-3.zip,202202071539,鞍手郡鞍手町大字木月,1658,,
40402-2903-3.zip,202202071539,鞍手郡鞍手町大字木月,1659-1,,
40402-2903-3.zip,202202071539,鞍手郡鞍手町大字木月,1660-1,,
40402-2903-3.zip,202202071539,鞍手郡鞍手町大字木月,1661,,
40402-2903-3.zip,202202071539,鞍手郡鞍手町大字木月,1662,,
40402-2903-3.zip,202202071539,鞍手郡鞍手町大字木月,1663,,
40402-2903-3.zip,202202071539,鞍手郡鞍手町大字木月,1664,,
40402-2903-3.zip,202202071539,鞍手郡鞍手町大字木月,1665,,
40402-2903-3.zip,202202071539,鞍手郡鞍手町大字木月,1666,,
40402-2903-3.zip,202202071539,鞍手郡鞍手町大字木月,1667-1,,
40402-2903-3.zip,202202071539,鞍手郡鞍手町大字木月,1669-1,,
40402-2903-3.zip,202202071539,鞍手郡鞍手町,地区外-2855588,,
40402-2903-3.zip,202202071539,鞍手郡鞍手町,地区外-2855589,,
40402-2903-3.zip,202202071539,鞍手郡鞍手町,地区外-2855590,,
40402-2903-3.zip,202202071539,鞍手郡鞍手町,地区外-2855591,,
40402-2903-3.zip,202202071539,鞍手郡鞍手町,地区外-2855592,,
40402-2903-3.zip,202202071539,鞍手郡鞍手町,地区外-2855593,,
40402-2903-4.zip,202202071539,鞍手郡鞍手町大字中山,3732-1,,
40402-2903-4.zip,202202071539,鞍手郡鞍手町大字中山,3732-2,,
40402-2903-4.zip,202202071539,鞍手郡鞍手町大字中山,3732-3,,
40402-2903-4.zip,202202071539,鞍手郡鞍手町大字中山,3733,,
40402-2903-4.zip,202202071539,鞍手郡鞍手町大字中山,3734,,
40402-2903-4.zip,202202071539,鞍手郡鞍手町大字中山,3743,,
40402-2903-4.zip,202202071539,鞍手郡鞍手町大字中山,3744-1,,
40402-2903-4.zip,202202071539,鞍手郡鞍手町大字中山,3744-2,,
40402-2903-4.zip,202202071539,鞍手郡鞍手町大字中山,3841-1,,
40402-2903-4.zip,202202071539,鞍手郡鞍手町大字中山,3841-2,,
40402-2903-4.zip,202202071539,鞍手郡鞍手町大字中山,3841-3,,
40402-2903-4.zip,202202071539,鞍手郡鞍手町大字中山,3842-4,,
40402-2903-4.zip,202202071539,鞍手郡鞍手町大字中山,3848,,
40402-2903-4.zip,202202071539,鞍手郡鞍手町大字中山,3849,,
40402-2903-4.zip,202202071539,鞍手郡鞍手町大字中山,3850,,
40402-2903-4.zip,202202071539,鞍手郡鞍手町大字中山,3851,,
40402-2903-4.zip,202202071539,鞍手郡鞍手町大字中山,3852,,
40402-2903-4.zip,202202071539,鞍手郡鞍手町大字中山,3853,,
40402-2903-4.zip,202202071539,鞍手郡鞍手町大字中山,3854,,
40402-2903-4.zip,202202071539,鞍手郡鞍手町大字中山,3855,,
40402-2903-4.zip,202202071539,鞍手郡鞍手町大字中山,3856,,
40402-2903-4.zip,202202071539,鞍手郡鞍手町大字中山,3862,,
40402-2903-4.zip,202202071539,鞍手郡鞍手町大字中山,3863,,
40402-2903-4.zip,202202071539,鞍手郡鞍手町大字中山,3864,,
40402-2903-4.zip,202202071539,鞍手郡鞍手町大字中山,3865,,
40402-2903-4.zip,202202071539,鞍手郡鞍手町大字中山,3866,,
40402-2903-4.zip,202202071539,鞍手郡鞍手町大字中山,3867,,
40402-2903-4.zip,202202071539,鞍手郡鞍手町大字中山,3868,,
40402-2903-4.zip,202202071539,鞍手郡鞍手町大字中山,3869,,
40402-2903-4.zip,202202071539,鞍手郡鞍手町大字中山,3870-1,,
40402-2903-4.zip,202202071539,鞍手郡鞍手町大字中山,3870-2,,
40402-2903-4.zip,202202071539,鞍手郡鞍手町大字中山,3872,,
40402-2903-4.zip,202202071539,鞍手郡鞍手町大字中山,3874,,
40402-2903-4.zip,202202071539,鞍手郡鞍手町大字中山,3875,,
40402-2903-4.zip,202202071539,鞍手郡鞍手町大字中山,3894,,
40402-2903-4.zip,202202071539,鞍手郡鞍手町大字中山,3896,,
40402-2903-4.zip,202202071539,鞍手郡鞍手町大字中山,3897,,
40402-2903-4.zip,202202071539,鞍手郡鞍手町大字中山,3898,,
40402-2903-4.zip,202202071539,鞍手郡鞍手町大字中山,3900,,
40402-2903-4.zip,202202071539,鞍手郡鞍手町大字中山,3901,,
40402-2903-4.zip,202202071539,鞍手郡鞍手町大字中山,3902,,
40402-2903-4.zip,202202071539,鞍手郡鞍手町大字中山,3904-1,,
40402-2903-4.zip,202202071539,鞍手郡鞍手町大字中山,3904-2,,
40402-2903-4.zip,202202071539,鞍手郡鞍手町大字中山,3904-3,,
40402-2903-4.zip,202202071539,鞍手郡鞍手町大字中山,3904-4,,
40402-2903-4.zip,202202071539,鞍手郡鞍手町大字中山,3904-5,,
40402-2903-4.zip,202202071539,鞍手郡鞍手町大字中山,3904-6,,
40402-2903-4.zip,202202071539,鞍手郡鞍手町大字中山,3904-7,,
40402-2903-4.zip,202202071539,鞍手郡鞍手町大字中山,3904-8,,
40402-2903-4.zip,202202071539,鞍手郡鞍手町大字中山,3904-9,,
40402-2903-4.zip,202202071539,鞍手郡鞍手町大字中山,3904-10,,
40402-2903-4.zip,202202071539,鞍手郡鞍手町大字中山,3904-11,,
40402-2903-4.zip,202202071539,鞍手郡鞍手町大字中山,3904-12,,
40402-2903-4.zip,202202071539,鞍手郡鞍手町大字中山,3905,,
40402-2903-4.zip,202202071539,鞍手郡鞍手町大字中山,3906,,
40402-2903-4.zip,202202071539,鞍手郡鞍手町大字中山,3907,,
40402-2903-4.zip,202202071539,鞍手郡鞍手町大字中山,3908-1,,
40402-2903-4.zip,202202071539,鞍手郡鞍手町大字中山,3908-2,,
40402-2903-4.zip,202202071539,鞍手郡鞍手町大字中山,3908-3,,
40402-2903-4.zip,202202071539,鞍手郡鞍手町大字中山,3908-4,,
40402-2903-4.zip,202202071539,鞍手郡鞍手町大字中山,3908-5,,
40402-2903-4.zip,202202071539,鞍手郡鞍手町大字中山,3908-6,,
40402-2903-4.zip,202202071539,鞍手郡鞍手町大字中山,3908-7,,
40402-2903-4.zip,202202071539,鞍手郡鞍手町大字中山,3908-8,,
40402-2903-4.zip,202202071539,鞍手郡鞍手町大字中山,3908-9,,
40402-2903-4.zip,202202071539,鞍手郡鞍手町大字中山,3908-10,,
40402-2903-4.zip,202202071539,鞍手郡鞍手町大字中山,3908-11,,
40402-2903-4.zip,202202071539,鞍手郡鞍手町大字中山,3908-12,,
40402-2903-4.zip,202202071539,鞍手郡鞍手町大字中山,3908-13,,
40402-2903-4.zip,202202071539,鞍手郡鞍手町大字中山,3908-14,,
40402-2903-4.zip,202202071539,鞍手郡鞍手町大字中山,3908-15,,
40402-2903-4.zip,202202071539,鞍手郡鞍手町大字中山,3908-16,,
40402-2903-4.zip,202202071539,鞍手郡鞍手町大字中山,3915,,
40402-2903-4.zip,202202071539,鞍手郡鞍手町大字中山,3916-1,,
40402-2903-4.zip,202202071539,鞍手郡鞍手町大字中山,3917,,
40402-2903-4.zip,202202071539,鞍手郡鞍手町大字中山,3918-1,,
40402-2903-4.zip,202202071539,鞍手郡鞍手町大字中山,3918-2,,
40402-2903-4.zip,202202071539,鞍手郡鞍手町大字中山,3920,,
40402-2903-4.zip,202202071539,鞍手郡鞍手町大字中山,4068-1,,
40402-2903-4.zip,202202071539,鞍手郡鞍手町大字中山,4069,,
40402-2903-4.zip,202202071539,鞍手郡鞍手町,地区外-2856144,,
40402-2903-4.zip,202202071539,鞍手郡鞍手町,地区外-2856145,,
40402-2903-4.zip,202202071539,鞍手郡鞍手町,地区外-2856146,,
40402-2903-4.zip,202202071539,鞍手郡鞍手町,地区外-2856147,,
40402-2903-4.zip,202202071539,鞍手郡鞍手町,地区外-2856148,,
40402-2903-4.zip,202202071539,鞍手郡鞍手町,地区外-2856149,,
40402-2903-4.zip,202202071539,鞍手郡鞍手町,地区外-2856150,,
40402-2903-4.zip,202202071539,鞍手郡鞍手町,地区外-2856151,,
40402-2903-4.zip,202202071539,鞍手郡鞍手町,地区外-2856152,,
40402-2903-4.zip,202202071539,鞍手郡鞍手町,地区外-2856153,,
40402-2903-4.zip,202202071539,鞍手郡鞍手町,地区外-2856154,,
40402-2903-4.zip,202202071539,鞍手郡鞍手町,地区外-2856155,,
40402-2903-4.zip,202202071539,鞍手郡鞍手町大字中山,3842-5,,
40402-2903-4.zip,202202071539,鞍手郡鞍手町大字中山,3842-3,,
40402-2903-5.zip,202202071539,鞍手郡鞍手町大字室木,841-1,,
40402-2903-5.zip,202202071539,鞍手郡鞍手町,地区外-2893107,,
40402-2903-5.zip,202202071539,鞍手郡鞍手町,地区外-2893108,,
40402-2903-6.zip,202202071539,鞍手郡鞍手町,地区外-2957581,,
40402-2903-6.zip,202202071539,鞍手郡鞍手町,地区外-2957582,,
